{"MRI": {"mean": {"Component_Temp": 50.03490410958904, "Gradient_Coil_Temp": 56.53490410958904, "Vibration_Level": 0.044921424657534244, "Cooling_System_Performance": 59.97287671232877, "Magnet_Temp_K": 4.200000000000001, "Helium_Level": 82.72, "Helium_Pressure_psi": 2.1623890410958904}, "std": {"Component_Temp": 10.757495005732784, "Gradient_Coil_Temp": 10.757495005732784, "Vibration_Level": 0.005764972511379171, "Cooling_System_Performance": 8.605857456656334, "Magnet_Temp_K": 8.884218563004757e-16, "Helium_Level": 4.215796318193187, "Helium_Pressure_psi": 0.21532638397145518}, "min": {"Component_Temp": 30.9, "Gradient_Coil_Temp": 37.4, "Vibration_Level": 0.0304, "Cooling_System_Performance": 42.3, "Magnet_Temp_K": 4.2, "Helium_Level": 75.44, "Helium_Pressure_psi": 1.71}, "max": {"Component_Temp": 72.1, "Gradient_Coil_Temp": 78.6, "Vibration_Level": 0.0602, "Cooling_System_Performance": 75.3, "Magnet_Temp_K": 4.2, "Helium_Level": 90.0, "Helium_Pressure_psi": 2.63}}, "CT": {"mean": {"Component_Temp": 80.23501369863015, "Gradient_Coil_Temp": 56.600000000000016, "Vibration_Level": 0.13224953424657532, "Cooling_System_Performance": 51.85901369863014, "X_ray_Tube_Temp": 80.23501369863015, "Cooling_Oil_Temp": 68.19972602739726}, "std": {"Component_Temp": 18.23668933939941, "Gradient_Coil_Temp": 1.421474970080761e-14, "Vibration_Level": 0.023427344549581303, "Cooling_System_Performance": 10.942549191052608, "X_ray_Tube_Temp": 18.23668933939941, "Cooling_Oil_Temp": 15.502280354735806}, "min": {"Component_Temp": 46.2, "Gradient_Coil_Temp": 56.6, "Vibration_Level": 0.0863, "Cooling_System_Performance": 31.1, "X_ray_Tube_Temp": 46.2, "Cooling_Oil_Temp": 39.3}, "max": {"Component_Temp": 114.8, "Gradient_Coil_Temp": 56.6, "Vibration_Level": 0.2097, "Cooling_System_Performance": 72.3, "X_ray_Tube_Temp": 114.8, "Cooling_Oil_Temp": 97.6}}}