{"MRI": {"Component_Temp": 50.03490410958904, "Gradient_Coil_Temp": 56.53490410958904, "Vibration_Level": 0.044921424657534244, "Cooling_System_Performance": 59.97287671232877, "Magnet_Temp_K": 4.200000000000001, "Helium_Level": 82.72, "Helium_Pressure_psi": 2.1623890410958904}, "CT": {"Component_Temp": 80.23501369863015, "Gradient_Coil_Temp": 56.600000000000016, "Vibration_Level": 0.13224953424657532, "Cooling_System_Performance": 51.85901369863014, "X_ray_Tube_Temp": 80.23501369863015, "Cooling_Oil_Temp": 68.19972602739726}}