{"Component_Temp": {"p10": 40.05000000000012, "p25": 49.9, "p50": 60.150000000000006, "p75": 78.4, "p90": 99.3, "mean": 65.1349589041096, "std": 21.264124280853423}, "Gradient_Coil_Temp": {"p10": 46.55000000000012, "p25": 56.6, "p50": 56.6, "p75": 56.6, "p90": 66.60999999999999, "mean": 56.56745205479452, "std": 7.605724959029254}, "Vibration_Level": {"p10": 0.0395, "p25": 0.0449, "p50": 0.07325, "p75": 0.1291, "p90": 0.1491, "mean": 0.08858547945205479, "std": 0.0468831536777315}, "Cooling_System_Performance": {"p10": 40.4, "p25": 47.2, "p50": 56.7, "p75": 63.8, "p90": 70.7, "mean": 55.915945205479446, "std": 10.645972532193499}, "Magnet_Temp_K": {"p10": 4.2, "p25": 4.2, "p50": 4.2, "p75": 4.2, "p90": 4.2, "mean": 4.200000000000001, "std": 8.883001129828366e-16}, "Helium_Level": {"p10": 78.356, "p25": 82.72, "p50": 82.72, "p75": 82.72, "p90": 87.08399999999999, "mean": 82.72, "std": 2.980609666144303}, "Helium_Pressure_psi": {"p10": 1.95, "p25": 2.16, "p50": 2.16, "p75": 2.16, "p90": 2.38, "mean": 2.1611945205479453, "std": 0.1522425693265778}, "X_ray_Tube_Temp": {"p10": 60.55000000000012, "p25": 78.4, "p50": 78.4, "p75": 78.4, "p90": 99.3, "mean": 79.31750684931508, "std": 12.926132352399888}, "Cooling_Oil_Temp": {"p10": 51.5000000000001, "p25": 66.7, "p50": 66.7, "p75": 66.7, "p90": 84.4, "mean": 67.44986301369865, "std": 10.985894004044583}}